-- MySQL dump 10.13  Distrib 8.0.35, for Linux (x86_64)
--
-- Host: localhost    Database: ODS3_DATASETS
-- ------------------------------------------------------
-- Server version	8.0.35

/*!40101 SET @OLD_CHARACTER_SET_CLIENT=@@CHARACTER_SET_CLIENT */;
/*!40101 SET @OLD_CHARACTER_SET_RESULTS=@@CHARACTER_SET_RESULTS */;
/*!40101 SET @OLD_COLLATION_CONNECTION=@@COLLATION_CONNECTION */;
/*!50503 SET NAMES utf8mb4 */;
/*!40103 SET @OLD_TIME_ZONE=@@TIME_ZONE */;
/*!40103 SET TIME_ZONE='+00:00' */;
/*!40014 SET @OLD_UNIQUE_CHECKS=@@UNIQUE_CHECKS, UNIQUE_CHECKS=0 */;
/*!40014 SET @OLD_FOREIGN_KEY_CHECKS=@@FOREIGN_KEY_CHECKS, FOREIGN_KEY_CHECKS=0 */;
/*!40101 SET @OLD_SQL_MODE=@@SQL_MODE, SQL_MODE='NO_AUTO_VALUE_ON_ZERO' */;
/*!40111 SET @OLD_SQL_NOTES=@@SQL_NOTES, SQL_NOTES=0 */;

--
-- Table structure for table `3_1_1`
--

DROP TABLE IF EXISTS `3_1_1`;
/*!40101 SET @saved_cs_client     = @@character_set_client */;
/*!50503 SET character_set_client = utf8mb4 */;
CREATE TABLE `3_1_1` (
  `estado` varchar(200) DEFAULT NULL,
  `2011` float DEFAULT NULL,
  `2012` float DEFAULT NULL,
  `2013` float DEFAULT NULL,
  `2014` float DEFAULT NULL,
  `2015` float DEFAULT NULL,
  `2016` float DEFAULT NULL,
  `2017` float DEFAULT NULL,
  `2018` float DEFAULT NULL,
  `2019` float DEFAULT NULL,
  `2020` float DEFAULT NULL
) ENGINE=InnoDB DEFAULT CHARSET=utf8mb4 COLLATE=utf8mb4_0900_ai_ci;
/*!40101 SET character_set_client = @saved_cs_client */;

--
-- Dumping data for table `3_1_1`
--

LOCK TABLES `3_1_1` WRITE;
/*!40000 ALTER TABLE `3_1_1` DISABLE KEYS */;
INSERT INTO `3_1_1` VALUES ('Brasil',61.8,59.3,62.1,63.8,62,64.4,64.5,59.1,57.9,74.7),('Norte',74.7,73.2,83.8,93.6,76,84.5,88.9,80.8,82.5,98.9),('Rondônia',58.3,64.1,94.2,87.7,57.7,56.4,87.3,47.8,59.6,78.1),('Acre',33.7,53.9,58.6,46.7,58.9,69.7,48.9,54.4,49.1,33),('Amazonas',84.6,85,81.6,120.8,78.8,84.7,75.6,108.4,84.8,101.8),('Roraima',67.5,38,74.5,60.4,96.4,52.7,59.6,100.6,91.9,146.4),('Pará',73.8,78.9,86.7,96.4,72.9,86.4,107.4,81.4,96.1,107.1),('Amapá',53.3,54.1,119.7,66,110.8,141.7,45.5,88.3,32.6,102.5),('Tocantins',112.6,53.3,61.2,60.1,85.6,92.2,96.3,31.6,71.4,79.2),('Nordeste',77.9,72.7,82.4,77.9,75.3,78,73.2,67.1,63.6,91.8),('Maranhão',109.8,96.1,123.8,100.9,116.5,122.2,101.8,90.6,80.6,108.9),('Piauí',107.1,126,130.2,86.8,103.6,108.5,88.6,105.8,98.1,101),('Ceará',68.4,69.4,74.5,65.3,49.1,63.4,65.7,68.4,58.1,97.6),('Rio Grande do Norte',68.6,66,54.5,74.8,68.4,77.2,77.9,58.6,70.4,78.1),('Paraíba',61.7,61.5,70.9,63,81.8,99.9,67.8,53.2,62.8,97.7),('Pernambuco',57.5,56,64.3,63.4,67.6,58.1,63.3,59.2,48,70.8),('Alagoas',66.8,56.3,71.6,104.1,59.1,51.9,37.7,49.5,58.2,82.7),('Sergipe',83,70.4,67.2,66.9,51.6,55.9,56.1,58.8,36.7,97.5),('Bahia',80.6,70,80.6,81,75.4,72.6,76.9,60.8,64,93.1),('Sudeste',48.7,46.5,50.1,53.9,54.3,55.8,62.3,53.2,53.5,65.1),('Minas Gerais',40.3,36.6,47.6,49,47,46.9,45.2,51.2,44.4,51),('Espírito Santo',60.8,64.4,59.6,109.2,73.1,48.7,71.6,63.9,56.2,68.8),('Rio de Janeiro',74.3,80.8,80.3,71.9,67.1,71.6,84.7,61.7,74.5,95.4),('São Paulo',42,36.8,39.3,44.2,50.8,54.4,60.6,50,49.7,60.1),('Sul',50.4,54.5,36.6,41.7,43.7,44.2,38.5,38.2,38.3,45.6),('Paraná',52.7,38.4,41.7,41.3,51.7,50.3,31.7,38.4,45.5,52.6),('Santa Catarina',30.7,45.4,31.4,30.2,30.9,31.5,40.7,35.1,30.6,31.7),('Rio Grande do Sul',60.5,78.3,34.2,49.7,43.4,46,44.5,40.3,39.9,48.3),('Centro-Oeste',68.2,64.3,62.5,60.2,65.9,67.3,56.9,64.9,59,77),('Mato Grosso do Sul',92.4,73.1,66.7,79.3,88.2,80.1,60.3,84.9,64.5,48.8),('Mato Grosso',83.9,58.5,71.6,63.7,82.9,78.5,61.1,58,64.6,91.8),('Goiás',50.9,70.5,56.7,53.8,56.6,56.5,56.4,64.7,69.7,90.5),('Distrito Federal',61.8,49.4,60.3,51,43.7,64.6,49.4,54.3,21.2,53.4);
/*!40000 ALTER TABLE `3_1_1` ENABLE KEYS */;
UNLOCK TABLES;

--
-- Table structure for table `3_1_2`
--

DROP TABLE IF EXISTS `3_1_2`;
/*!40101 SET @saved_cs_client     = @@character_set_client */;
/*!50503 SET character_set_client = utf8mb4 */;
CREATE TABLE `3_1_2` (
  `estado` varchar(200) DEFAULT NULL,
  `2015` float DEFAULT NULL,
  `2016` float DEFAULT NULL,
  `2017` float DEFAULT NULL,
  `2018` float DEFAULT NULL,
  `2019` float DEFAULT NULL,
  `2020` float DEFAULT NULL
) ENGINE=InnoDB DEFAULT CHARSET=utf8mb4 COLLATE=utf8mb4_0900_ai_ci;
/*!40101 SET character_set_client = @saved_cs_client */;

--
-- Dumping data for table `3_1_2`
--

LOCK TABLES `3_1_2` WRITE;
/*!40000 ALTER TABLE `3_1_2` DISABLE KEYS */;
INSERT INTO `3_1_2` VALUES ('Brasil',98.2,98.6,98.7,98.8,98.4,98.4),('Norte',95.1,95.2,96,96.9,96.3,96.7),('Rondônia',96.5,91.8,90.6,96.9,99.4,99.3),('Acre',95.7,98.2,97.4,98,97.8,97.7),('Amazonas',95.5,95.5,96.4,96.6,95.8,95.7),('Roraima',92.4,92,93.3,91.1,91.3,90.6),('Pará',93.8,94.7,96.1,96.7,95.9,97),('Amapá',97.8,98.2,98.3,98.4,94,97.5),('Tocantins',99,98.9,99.3,99.4,99.3,98.2),('Nordeste',97.5,98,97.9,98.1,97.1,97.1),('Maranhão',96.7,96.9,97,98.1,98,92.1),('Piauí',98.5,98.7,98.6,99.1,99.2,99),('Ceará',96.2,98.6,99,98.2,96.5,96.4),('Rio Grande do Norte',96.4,94,99.3,98.8,99.6,99.6),('Paraíba',98.9,99.2,99.2,99.4,98.4,98),('Pernambuco',98.3,98.8,98.5,98.9,99,99),('Alagoas',99,99,92,95.4,86.2,99.1),('Sergipe',99.3,99.3,99.2,99.4,99.1,99.1),('Bahia',97.3,97.8,97.7,97.3,96.7,97.1),('Sudeste',98.9,99.4,99.5,99.5,99.4,99.4),('Minas Gerais',98.6,99,99.2,99.1,98.9,98.8),('Espírito Santo',99.3,99.8,99.7,99.7,99.8,99.7),('Rio de Janeiro',99.6,99.6,99.5,99.5,99.5,99.5),('São Paulo',98.8,99.5,99.7,99.7,99.6,99.5),('Sul',99.6,99.6,99.6,99.5,99.3,99.5),('Paraná',99.3,99.5,99.4,99.5,99.6,99.7),('Santa Catarina',99.5,99.6,99.7,99.1,98,98.9),('Rio Grande do Sul',99.8,99.8,99.8,99.8,99.8,99.8),('Centro-Oeste',98.1,98.8,99.2,99.2,99.1,99),('Mato Grosso do Sul',98.8,99.6,99.5,99.5,99.6,99.5),('Mato Grosso',98.5,98.4,98.9,98.3,97.9,98.1),('Goiás',97,99.2,99.3,99.4,99.4,99),('Distrito Federal',99.6,98,99.4,99.5,99.5,99.5);
/*!40000 ALTER TABLE `3_1_2` ENABLE KEYS */;
UNLOCK TABLES;

--
-- Table structure for table `3_2_1`
--

DROP TABLE IF EXISTS `3_2_1`;
/*!40101 SET @saved_cs_client     = @@character_set_client */;
/*!50503 SET character_set_client = utf8mb4 */;
CREATE TABLE `3_2_1` (
  `estado` varchar(200) DEFAULT NULL,
  `2014` float DEFAULT NULL,
  `2015` float DEFAULT NULL,
  `2016` float DEFAULT NULL,
  `2017` float DEFAULT NULL,
  `2018` float DEFAULT NULL,
  `2019` float DEFAULT NULL,
  `2020` float DEFAULT NULL
) ENGINE=InnoDB DEFAULT CHARSET=utf8mb4 COLLATE=utf8mb4_0900_ai_ci;
/*!40101 SET character_set_client = @saved_cs_client */;

--
-- Dumping data for table `3_2_1`
--

LOCK TABLES `3_2_1` WRITE;
/*!40000 ALTER TABLE `3_2_1` DISABLE KEYS */;
INSERT INTO `3_2_1` VALUES ('Brasil',16.3,15.8,16.4,15.6,15.2,15.4,14),('Norte',21,20.9,21.7,20.4,19.9,19.9,18.9),('Rondônia',17.3,17,17.2,16.3,15.6,14.8,15.7),('Acre',19.6,18.8,19.5,17.6,19.5,19.5,19.3),('Amazonas',22.2,21.6,22.4,22.2,21.7,21.5,18.7),('Roraima',22.3,22,25.8,23.3,25.1,23.4,23),('Pará',20.9,19.6,22,19.9,18.9,19.3,19),('Amapá',25.2,25,26.8,28,25.7,27.5,24.8),('Tocantins',19.8,18.6,19.1,17.8,18.3,16.9,15.5),('Nordeste',18.7,18,19,18.2,17.4,17.5,16.3),('Maranhão',19.5,19.1,19.1,20.3,19.2,19.3,18.7),('Piauí',20.6,19.4,22.3,21.1,20.6,20,18.5),('Ceará',15.7,15.4,16.8,17,15.6,15.7,14.7),('Rio Grande do Norte',17.9,17.5,18,16.8,16.1,16.7,14.7),('Paraíba',18.3,17.7,17.9,17.6,15.8,17.5,16.2),('Pernambuco',16.9,16.6,18.3,15.7,15.4,15,13.7),('Alagoas',18.3,17.5,18.2,17.2,16,17,15.2),('Sergipe',20,19.9,19.9,19.2,19.4,19.7,18.1),('Bahia',21.1,20.9,20.5,19.2,18.9,18.9,17.5),('Sudeste',14.2,13.9,14.2,13.5,13.3,13.8,12.2),('Minas Gerais',16.5,15.9,16.1,15.4,14.4,15.1,13.1),('Espírito Santo',13.3,13.3,14.2,12.6,12.4,12.6,11.4),('Rio de Janeiro',14.6,14.4,15.8,14.4,14.7,15.3,14.3),('São Paulo',13.1,12.2,12.8,12.5,12.4,12.8,11.1),('Sul',12.4,11.9,11.7,11.7,11.6,11.8,10.4),('Paraná',12.9,12.4,12.4,11.8,12.2,12.2,10.7),('Santa Catarina',11.6,11.4,10.3,11.4,10.8,10.9,10.5),('Rio Grande do Sul',12.2,11.7,11.8,11.9,11.4,12.1,9.8),('Centro-Oeste',17.7,17.7,17.1,15.3,15.3,15.4,14),('Mato Grosso do Sul',15.5,14.3,15.9,12.6,13.6,13.1,12.8),('Mato Grosso',22,22.2,21.2,18.6,17.8,18.3,16.8),('Goiás',18.1,18.1,17.8,15.8,16.3,16.8,14.1),('Distrito Federal',13.1,12.2,11.9,12.8,11.5,10.3,10.7);
/*!40000 ALTER TABLE `3_2_1` ENABLE KEYS */;
UNLOCK TABLES;

--
-- Table structure for table `3_2_2`
--

DROP TABLE IF EXISTS `3_2_2`;
/*!40101 SET @saved_cs_client     = @@character_set_client */;
/*!50503 SET character_set_client = utf8mb4 */;
CREATE TABLE `3_2_2` (
  `estado` varchar(200) DEFAULT NULL,
  `2011` float DEFAULT NULL,
  `2012` float DEFAULT NULL,
  `2013` float DEFAULT NULL,
  `2014` float DEFAULT NULL,
  `2015` float DEFAULT NULL,
  `2016` float DEFAULT NULL,
  `2017` float DEFAULT NULL,
  `2018` float DEFAULT NULL,
  `2019` float DEFAULT NULL,
  `2020` float DEFAULT NULL
) ENGINE=InnoDB DEFAULT CHARSET=utf8mb4 COLLATE=utf8mb4_0900_ai_ci;
/*!40101 SET character_set_client = @saved_cs_client */;

--
-- Dumping data for table `3_2_2`
--

LOCK TABLES `3_2_2` WRITE;
/*!40000 ALTER TABLE `3_2_2` DISABLE KEYS */;
INSERT INTO `3_2_2` VALUES ('Brasil',10.6,10.3,9.9,9.8,9.4,9.6,9.5,9.1,9.2,8.8),('Norte',13.4,12.6,11.8,11.6,11.3,12,11.7,11.5,10.9,10.8),('Rondônia',10.9,10.1,9.2,9.9,10.4,10.1,9.3,8.9,8,9.6),('Acre',10.8,9.7,10.9,9.4,10.6,8.5,9.4,10.7,8.1,10.1),('Amazonas',13.1,12.3,11.3,11.3,11.1,11.6,12.2,12,11.9,10.4),('Roraima',9.9,10.3,11.4,11.9,10.8,12.1,11,13.7,10.2,12.9),('Pará',14.8,13.6,12.5,12.4,11.8,12.9,12.1,11.2,11.3,11.1),('Amapá',17,16.8,16.2,13.4,12.4,15.2,14.4,15.6,14.4,15.4),('Tocantins',10.7,10.7,10.7,10.7,10.3,11.3,10.1,10.5,9,8.6),('Nordeste',12.7,12.4,11.7,11.5,11.1,11.6,11.3,10.6,10.6,10.4),('Maranhão',13.9,13.4,11.9,11.7,11.5,11.2,12.3,11.1,11.4,11.5),('Piauí',15.4,14.4,13.3,13.2,11.8,14.1,12.3,12.3,11.3,10.8),('Ceará',10.4,10.5,10.1,9.6,9.3,9.9,10.2,9.5,9.2,9.2),('Rio Grande do Norte',11.6,12.1,10.9,10.5,11.2,10.3,9.8,9.9,9.6,9.9),('Paraíba',12.3,12.6,11.2,11.5,10,10.2,11,9.3,10.4,10.1),('Pernambuco',10.6,10.9,10.4,10.2,10.4,11,9.5,9.3,9.3,8.6),('Alagoas',11.5,10.6,10.4,11.1,10.9,10.4,9.6,9.4,9.7,9.3),('Sergipe',12.2,12.5,12.2,12.2,12,12.4,13.2,13,12.5,11.8),('Bahia',14.9,14.2,13.7,13.4,12.2,13.4,12.9,12.1,12,11.8),('Sudeste',8.9,8.8,8.6,8.6,8.2,8.3,8.2,8,8.2,7.7),('Minas Gerais',11.2,10.6,10.2,10.2,9.6,9.5,9.4,9,9.1,8.5),('Espírito Santo',8.3,7.8,7.7,8.3,7.8,8,7.7,7.4,7.1,7),('Rio de Janeiro',9.2,9.1,8.8,8.8,8.4,8.7,8.6,8.4,8.8,8.8),('São Paulo',7.9,8,7.9,7.9,7.6,7.7,7.7,7.4,7.8,7),('Sul',7.8,7.7,7.4,7.6,7.5,7,7.3,7.2,7.4,6.8),('Paraná',8.3,8,7.8,8,7.9,7.4,7.5,7.6,7.3,6.8),('Santa Catarina',7.4,7.8,6.9,7.1,7.2,6.3,7.4,6.9,7.1,7.2),('Rio Grande do Sul',7.6,7.4,7.1,7.4,7.2,7.1,7,7.1,7.6,6.7),('Centro-Oeste',10.9,10.9,10.6,10.4,9.7,10,9.3,9.2,9.1,8.6),('Mato Grosso do Sul',9.4,8.5,8.2,8.5,8.1,8.2,7.8,7.6,7.2,7.6),('Mato Grosso',12.4,12.5,12.4,11.8,11.1,11.4,10.4,9.8,10.1,9.3),('Goiás',11.6,12,11.4,11.2,10.4,11.1,9.8,10.1,10.5,9),('Distrito Federal',8.6,8.8,8.8,8.5,8.2,7.8,8.2,7.9,6.3,7.2);
/*!40000 ALTER TABLE `3_2_2` ENABLE KEYS */;
UNLOCK TABLES;

--
-- Table structure for table `3_3_2`
--

DROP TABLE IF EXISTS `3_3_2`;
/*!40101 SET @saved_cs_client     = @@character_set_client */;
/*!50503 SET character_set_client = utf8mb4 */;
CREATE TABLE `3_3_2` (
  `estado` varchar(200) DEFAULT NULL,
  `2002` float DEFAULT NULL,
  `2003` float DEFAULT NULL,
  `2004` float DEFAULT NULL,
  `2005` float DEFAULT NULL,
  `2006` float DEFAULT NULL,
  `2007` float DEFAULT NULL,
  `2008` float DEFAULT NULL,
  `2009` float DEFAULT NULL,
  `2010` float DEFAULT NULL,
  `2011` float DEFAULT NULL,
  `2012` float DEFAULT NULL,
  `2013` float DEFAULT NULL,
  `2014` float DEFAULT NULL,
  `2015` float DEFAULT NULL,
  `2016` float DEFAULT NULL,
  `2017` float DEFAULT NULL,
  `2018` float DEFAULT NULL,
  `2019` float DEFAULT NULL,
  `2020` float DEFAULT NULL,
  `2021` float DEFAULT NULL
) ENGINE=InnoDB DEFAULT CHARSET=utf8mb4 COLLATE=utf8mb4_0900_ai_ci;
/*!40101 SET character_set_client = @saved_cs_client */;

--
-- Dumping data for table `3_3_2`
--

LOCK TABLES `3_3_2` WRITE;
/*!40000 ALTER TABLE `3_3_2` DISABLE KEYS */;
INSERT INTO `3_3_2` VALUES ('Brasil',43.6,43.6,42.5,41.7,38.7,38,38.6,37.9,36.7,37.3,36.1,35.9,35,34.6,34.6,36.1,37.4,37.4,32.9,34.2),('Norte',50.8,49.6,50.2,47.9,46.2,44.6,44.8,46.4,45,45.7,44.2,45.7,44.5,44.3,45.6,48.1,48.9,54,47.2,50.4),('Rondônia',37.3,37.5,36,36.1,29.7,30.5,30.9,36.3,29.3,35.2,34.6,34.4,34,31.1,35.6,34.8,31.5,34.3,26.5,30),('Acre',50.8,49.3,43.6,40.7,51.4,40.7,38.5,43.7,41.1,45.2,45,44.3,48.8,36.4,45.6,49.9,50.1,59.2,61,58.5),('Amazonas',71.6,67.6,69.4,66.4,66.4,63.3,68.3,66.6,66.3,61.2,65.9,71.1,71.1,74.9,71.9,76.9,77.5,78.6,67.7,73.5),('Roraima',41.9,45,50,33.9,31.1,29.9,32.4,30.5,28.9,33.1,24.9,31.9,26.1,30.3,27.7,37.3,43,52.7,50,51.5),('Pará',50.2,51.2,52.1,50,46.9,46,44.9,47.5,47,48.6,44.3,45.1,43.1,42.3,44,46.1,47.8,55.1,47.9,50.1),('Amapá',48.9,39.4,40.3,39.9,37.3,39.5,36.6,33.5,28.5,32.7,28.4,25.3,22.2,23.7,29.8,31.8,27.5,35.1,31.9,38.9),('Tocantins',22.2,17.6,17.4,16.5,18.2,15.7,13.3,14.6,13.2,13.5,13.1,13,11.4,10.6,11.6,10.5,12.8,13.5,11.9,14.9),('Nordeste',43.4,45.4,45.1,45.1,40,38.5,38.7,38.3,36,36.6,35.3,34.6,33.3,32.4,32.9,34.3,36.1,35.3,30.9,32.8),('Maranhão',45.9,43.6,43.7,44.5,40.5,38.6,34.2,32.9,31.7,32.5,28.4,29,26.5,28.2,30.1,30.5,32.6,31.9,29.5,32.8),('Piauí',37.2,34.6,36.4,35.6,31.2,32,28.1,26.5,24.2,24.8,22.3,22.4,19.9,17.8,19.6,20.3,22.1,20.8,19.8,21.3),('Ceará',46.3,49.8,48.4,49.6,43,42,45.4,45.2,41.8,42.4,39.5,37.9,36.5,37.2,37.2,38.1,40.9,40.3,33.4,35.4),('Rio Grande do Norte',37.3,38.4,39.3,35.9,30.8,29.9,32.3,30,28.2,30.6,29.3,31,28.8,26.7,28.4,32.4,38.2,33,38.1,30.8),('Paraíba',32.2,32.9,33.5,33.1,26.3,26.6,28.1,27.5,26.9,28.1,29.5,28.9,26.5,25.5,25,27.2,31.1,28.7,25.6,27.7),('Pernambuco',49.1,51.8,53.1,52.2,46.9,46.9,47.6,46.8,46,47.4,50,48.1,47.3,48.1,47.3,50.9,50.1,50.9,44.5,48.3),('Alagoas',39.1,40.4,39.4,41.5,37.6,38.1,38.6,37.4,35.6,34.4,34.2,33.4,32.9,27.2,31.4,31,32.8,29.7,24.5,25.8),('Sergipe',24.5,27.9,25.6,34.7,29.5,24.5,28.7,27.2,24.2,27,24,28.6,29.5,28.2,29.7,30.5,35.7,36.6,31.4,31.5),('Bahia',46.3,50.3,49,48,43.3,39.6,39.3,40.4,36.9,36.5,34.5,33.1,32.3,29.8,29.3,29.9,30.7,30.6,24.9,27.3),('Sudeste',48.4,47,45.3,44.1,41.7,41.1,42.1,40.6,39.7,40.3,38.8,38.1,37.8,37.9,37.9,39.7,40.5,40,35.7,37),('Minas Gerais',27.1,27.5,27.4,26.4,23.7,23.4,22.7,21.1,18.9,19.5,17.9,17.7,17.6,16.5,16.4,16.6,17.1,17.5,15.4,15.6),('Espírito Santo',41.4,40.4,38.6,37.9,35.6,36.6,39.6,36.2,36.3,34.8,34.3,32.1,30.1,31.1,27.5,29.4,31.6,30.4,32.9,37),('Rio de Janeiro',91,88,84.9,79.9,74,73.4,74.6,72.7,69.8,70.2,68.1,64.5,63,63.8,64.7,67.1,70.5,70.6,63,68.6),('São Paulo',42.7,41.1,39.2,39.1,38.4,37.4,38.9,37.8,38.2,39.1,37.9,38.1,38.3,38.6,38.5,41,40.9,39.8,35,34.9),('Sul',34.3,35.2,34,32.8,30.4,31.8,32.5,32.6,32,32.4,31.3,31.1,30.4,29.8,28.7,29.2,30.7,31.2,26.4,26.4),('Paraná',28.2,28.8,26,26.3,22.9,24.6,24.4,22.8,22.3,21.9,20.3,21.1,20.2,19.4,19.2,18.2,20.6,20.4,18.9,17.4),('Santa Catarina',27.4,27.8,26.4,25.4,26,26,27.4,26.3,27.2,28,28.3,28.3,27.8,26.3,26.3,25.9,25.8,25.9,20.6,23.1),('Rio Grande do Sul',43.9,45.3,45.7,43,39.9,41.8,43.2,45.8,44.1,45.1,43.8,42.6,42,42.2,39.6,42.1,43.8,45.4,37.6,37.6),('Centro-Oeste',26.1,26.8,24.4,25.5,23.8,23,23.2,21.9,22.3,22.8,24.2,25.6,23.7,22,21.9,21.8,23.6,23.3,20.5,20.8),('Mato Grosso do Sul',35.2,39.9,38.5,39.2,33.3,34.4,36.6,37.1,33.1,36.4,36.4,35.6,32.1,32,35,33.7,43.1,41,37.9,40.1),('Mato Grosso',40.2,39.2,35,40.2,40.5,35.1,37.2,32.8,38.1,37,41.7,51,46.1,36.5,35.8,35.4,34.4,36.6,30.9,29.4),('Goiás',19.3,19.3,17.2,16.6,15,14.8,14.4,14.8,14.7,14.6,14.7,14.7,13.5,14.8,13.8,15,15.1,14.3,13,13.4),('Distrito Federal',16.1,16.9,15.2,15.5,15.6,16.6,14.1,11.2,11.2,12,13.9,11.8,13.5,12.5,12,10.7,12.4,12.3,10,10.2);
/*!40000 ALTER TABLE `3_3_2` ENABLE KEYS */;
UNLOCK TABLES;

--
-- Table structure for table `3_3_3`
--

DROP TABLE IF EXISTS `3_3_3`;
/*!40101 SET @saved_cs_client     = @@character_set_client */;
/*!50503 SET character_set_client = utf8mb4 */;
CREATE TABLE `3_3_3` (
  `estado` varchar(200) DEFAULT NULL,
  `2004` float DEFAULT NULL,
  `2005` float DEFAULT NULL,
  `2006` float DEFAULT NULL,
  `2007` float DEFAULT NULL,
  `2008` float DEFAULT NULL,
  `2009` float DEFAULT NULL,
  `2010` float DEFAULT NULL,
  `2011` float DEFAULT NULL,
  `2012` float DEFAULT NULL,
  `2013` float DEFAULT NULL,
  `2014` float DEFAULT NULL,
  `2015` float DEFAULT NULL,
  `2016` float DEFAULT NULL,
  `2017` float DEFAULT NULL,
  `2018` float DEFAULT NULL,
  `2019` float DEFAULT NULL,
  `2020` float DEFAULT NULL,
  `2021` float DEFAULT NULL,
  `2022` float DEFAULT NULL
) ENGINE=InnoDB DEFAULT CHARSET=utf8mb4 COLLATE=utf8mb4_0900_ai_ci;
/*!40101 SET character_set_client = @saved_cs_client */;

--
-- Dumping data for table `3_3_3`
--

LOCK TABLES `3_3_3` WRITE;
/*!40000 ALTER TABLE `3_3_3` DISABLE KEYS */;
INSERT INTO `3_3_3` VALUES ('Região Amazônica Brasileira  e Unidades da Federação',2004,2005,2006,2007,2008,2009,2010,2011,2012,2013,2014,2015,2016,2017,2018,2019,2020,2021,2022),('Região Amazônica Brasileira',19.4,25,22.2,18.1,12.3,11.8,12.5,9.9,8.8,6.3,5.1,5,4.4,6.7,6.5,5.3,4.9,4.7,4.3),('Rondônia',68.8,75,63,49.6,29.7,25.1,26.9,18.3,14.3,8.4,5.7,4,4,3.9,4.4,5.4,6.6,7.9,6.8),('Acre',43.7,80.3,126.9,68.2,34.9,34.8,47.4,28.6,34.1,42.4,37.9,32.1,40.7,42.1,29.7,14.5,13,9.3,6.7),('Amazonas',48.6,72.4,59.1,60.7,40.8,29.3,20.8,16.5,22.5,20.3,17.5,19.1,12.6,20.6,18,15.8,14,14.3,12.8),('Roraima',65.1,77.6,48.6,33.8,21.7,30.4,41.6,25.3,12.4,9.9,11.4,12.1,10.9,20.5,31.9,33.7,46.6,39.9,38.1),('Pará',16,17.7,14.2,10.4,9.2,13.2,17.6,14.8,10.1,3.2,1.4,1.2,1.8,4.4,5.5,3.8,2.8,2.3,2.6),('Amapá',25,38.3,39.1,26.9,18.8,18.8,18,24.1,18,18.2,16.9,16.8,14.6,17.8,17.3,11.8,3.8,4.6,3.1),('Tocantins',0.3,0.2,0.1,0,0,0,0,0,0,0,0,0,0,0,0,0,0,0,0),('Maranhão',2,1.5,1.2,0.8,0.5,0.6,0.3,0.3,0.1,0.1,0.1,0,0,0,0,0,0,0,0),('Mato Grosso',2.6,3.5,2.8,2.7,1.2,1.1,0.7,0.5,0.3,0.4,0.3,0.4,0.2,0.2,0.3,0.7,1,1.2,0.4);
/*!40000 ALTER TABLE `3_3_3` ENABLE KEYS */;
UNLOCK TABLES;

--
-- Table structure for table `3_3_4`
--

DROP TABLE IF EXISTS `3_3_4`;
/*!40101 SET @saved_cs_client     = @@character_set_client */;
/*!50503 SET character_set_client = utf8mb4 */;
CREATE TABLE `3_3_4` (
  `estado` varchar(200) DEFAULT NULL,
  `2009` float DEFAULT NULL,
  `2010` float DEFAULT NULL,
  `2011` float DEFAULT NULL,
  `2012` float DEFAULT NULL,
  `2013` float DEFAULT NULL,
  `2014` float DEFAULT NULL,
  `2015` float DEFAULT NULL,
  `2016` float DEFAULT NULL,
  `2017` float DEFAULT NULL,
  `2018` float DEFAULT NULL,
  `2019` float DEFAULT NULL,
  `2020` float DEFAULT NULL
) ENGINE=InnoDB DEFAULT CHARSET=utf8mb4 COLLATE=utf8mb4_0900_ai_ci;
/*!40101 SET character_set_client = @saved_cs_client */;

--
-- Dumping data for table `3_3_4`
--

LOCK TABLES `3_3_4` WRITE;
/*!40000 ALTER TABLE `3_3_4` DISABLE KEYS */;
INSERT INTO `3_3_4` VALUES ('Brasil',7.7,7.2,8.4,8,8.2,7.9,7.1,6.8,6.5,6.7,6.3,2.9),('Norte',14.5,12.4,14.2,13.4,18.7,16.4,11.9,11.5,11.8,12.3,13.2,5.5),('Nordeste',2.9,2.5,3.1,2.9,2.9,3,2.6,2.6,2.8,3.3,3.2,1.4),('Sudeste',6.6,6.1,7.4,6.8,6.2,5.6,5.6,5.3,5.1,4.9,4.1,1.7),('Sul',14.6,14.9,18,17.8,17.3,18.9,17,15.7,14.3,14.9,14.4,7.5),('Centro-Oeste',11.4,9.3,9.6,9,9.3,8.7,7.5,8.4,7.4,6.5,6.6,3),('Rondônia',30.9,29.1,33.7,33.7,41.1,37.1,36.8,34,30.3,30.8,28.8,13),('Acre',94.6,63.7,83.6,85.3,113.3,77.1,41.8,45.9,43.9,38.2,34.4,8.5),('Amazonas',19,16.9,18,14.1,28.3,26.8,15.1,13.4,15.9,16.9,21.6,9.9),('Roraima',26.8,18,24.8,25.1,18.4,22.5,17,22.2,16.1,22.2,27.3,17.6),('Pará',2.7,3.1,2.6,3.3,3.5,3.4,3.5,3.4,4,4.3,5.2,2),('Amapá',3.7,3.4,3.4,3.7,4.1,3.3,3.3,6.5,6.1,4.8,1.2,0.7),('Tocantins',9.3,8.6,11.2,7.6,7.8,7.9,6.8,4,5.9,8.5,5.8,1.7),('Maranhão',4,3.4,4.1,3,2.9,2.9,2.9,2.9,2.8,4.1,4.3,1.5),('Piauí',1.4,0.9,1.4,1.5,1.8,2.2,1.1,1.5,1.7,2.4,2.5,0.6),('Ceará',2.6,1.9,1.5,2.2,1.7,1.9,1.8,1.8,1.9,1.9,1.7,1),('Rio Grande do Norte',1,1.2,2.6,2.3,1.8,2.1,1,1.5,1.7,1.9,1.9,0.7),('Paraíba',2.7,3.7,4.2,4.6,4.9,3.6,1.5,1.5,1.9,2.9,2.9,0.8),('Pernambuco',1.6,1.8,2.5,2.2,2.6,2.8,1.6,2.2,2.1,2.8,3.7,1.9),('Alagoas',5.4,3.7,3.2,2.7,2.2,3.2,2.9,3.5,5.1,5.2,5.5,2.4),('Sergipe',7,4.7,5.9,5.3,4.6,4.6,5.1,4.5,4.9,5.9,5.6,2.6),('Bahia',3.2,2.8,3.5,3.4,3.7,3.8,4.2,3.5,3.8,3.9,2.9,1.3),('Minas Gerais',4.3,3.7,4.1,3.5,3.8,4.2,4.7,4.2,3.8,4.1,3.5,1.4),('Espírito Santo',12.7,9.9,12.4,15.8,13.5,12,9.2,8.6,9.1,8.1,6.4,2.3),('Rio de Janeiro',4.9,4.6,6.6,4.9,4.2,3,3.1,3,3,2.6,3.2,1.2),('São Paulo',7.9,7.6,8.9,8.3,7.4,6.7,6.7,6.4,6.2,5.8,4.4,1.9),('Paraná',13.7,15.8,19.1,18,17.9,18.7,16.6,16.4,14.9,15.6,14.9,7),('Santa Catarina',21.6,20.8,26,25.6,23.9,26.5,22.8,20.2,17.5,17.4,17,9.6),('Rio Grande do Sul',11.6,10.6,12.1,13,12.7,14.4,13.9,12.4,11.6,12.7,12.4,6.7),('Mato Grosso do Sul',12,7.5,7.3,6.7,6.9,5.5,3.3,3.4,4.3,4.6,3.5,1.3),('Mato Grosso',20.3,19.4,21.8,21.1,20.8,20.2,17.9,16.5,16.4,13.8,15.3,6.6),('Goiás',8.6,6.8,6.2,5.6,5.7,5.7,5,6,6.4,5,4.9,2.2),('Distrito Federal',6.8,5,5.4,4.8,6.6,5.4,5,9,2.5,3.7,3.6,2.5);
/*!40000 ALTER TABLE `3_3_4` ENABLE KEYS */;
UNLOCK TABLES;

--
-- Table structure for table `3_3_5`
--

DROP TABLE IF EXISTS `3_3_5`;
/*!40101 SET @saved_cs_client     = @@character_set_client */;
/*!50503 SET character_set_client = utf8mb4 */;
CREATE TABLE `3_3_5` (
  `estado` varchar(200) DEFAULT NULL,
  `2018` float DEFAULT NULL,
  `2019` float DEFAULT NULL
) ENGINE=InnoDB DEFAULT CHARSET=utf8mb4 COLLATE=utf8mb4_0900_ai_ci;
/*!40101 SET character_set_client = @saved_cs_client */;

--
-- Dumping data for table `3_3_5`
--

LOCK TABLES `3_3_5` WRITE;
/*!40000 ALTER TABLE `3_3_5` DISABLE KEYS */;
INSERT INTO `3_3_5` VALUES ('Brasil',1285370,2556450),('Norte',193313,217375),('Rondônia',2690,2669),('Acre',14306,17062),('Amazonas',83947,85800),('Roraima',12075,13779),('Pará',48877,50280),('Amapá',24473,30214),('Tocantins',6943,17570),('Nordeste',741748,873657),('Maranhão',112474,107097),('Piauí',5364,11018),('Ceará',25635,37189),('Rio Grande do Norte',140020,147366),('Paraíba',26991,35374),('Pernambuco',81254,105819),('Alagoas',99819,117569),('Sergipe',162839,169574),('Bahia',87349,142647),('Sudeste',165851,1106320),('Minas Gerais',99766,547575),('Espírito Santo',12304,66091),('Rio de Janeiro',22724,38817),('São Paulo',31056,453831),('Sul',60656,107176),('Paraná',54144,96944),('Santa Catarina',5157,7259),('Rio Grande do Sul',1354,2973),('Centro-Oeste',122061,250324),('Mato Grosso do Sul',6836,66421),('Mato Grosso',15585,19198),('Goiás',95095,124191),('Distrito Federal',4545,40514);
/*!40000 ALTER TABLE `3_3_5` ENABLE KEYS */;
UNLOCK TABLES;

--
-- Table structure for table `3_4_1`
--

DROP TABLE IF EXISTS `3_4_1`;
/*!40101 SET @saved_cs_client     = @@character_set_client */;
/*!50503 SET character_set_client = utf8mb4 */;
CREATE TABLE `3_4_1` (
  `estado` varchar(200) DEFAULT NULL,
  `2001` float DEFAULT NULL,
  `2002` float DEFAULT NULL,
  `2003` float DEFAULT NULL,
  `2004` float DEFAULT NULL,
  `2005` float DEFAULT NULL,
  `2006` float DEFAULT NULL,
  `2007` float DEFAULT NULL,
  `2008` float DEFAULT NULL,
  `2009` float DEFAULT NULL,
  `2010` float DEFAULT NULL,
  `2011` float DEFAULT NULL,
  `2012` float DEFAULT NULL,
  `2013` float DEFAULT NULL,
  `2014` float DEFAULT NULL,
  `2015` float DEFAULT NULL,
  `2016` float DEFAULT NULL,
  `2017` float DEFAULT NULL,
  `2018` float DEFAULT NULL,
  `2019` float DEFAULT NULL,
  `2020` float DEFAULT NULL
) ENGINE=InnoDB DEFAULT CHARSET=utf8mb4 COLLATE=utf8mb4_0900_ai_ci;
/*!40101 SET character_set_client = @saved_cs_client */;

--
-- Dumping data for table `3_4_1`
--

LOCK TABLES `3_4_1` WRITE;
/*!40000 ALTER TABLE `3_4_1` DISABLE KEYS */;
INSERT INTO `3_4_1` VALUES ('Brasil',18.8,18.4,18.3,18.4,17.8,17.9,17.7,17.7,17.2,17,17,16.5,16.2,15.8,15.8,15.8,15.4,15.1,15,14.5),('Norte',13.7,13.1,13.6,13.7,13.6,13.7,14.2,14.6,14.4,14.3,14.7,14.6,14.3,14.4,14.4,14.4,14.5,14.2,14.1,14.1),('Rondônia',17.7,16.9,16.6,17.2,16,15.6,14.6,15.5,16.1,15.6,15.6,15.6,14.8,14.3,14.4,14.8,14.5,13.6,13.6,13),('Acre',12.3,12.2,14,12.2,16.4,17.2,17.4,15.8,15.8,15.1,16.2,16.1,16.8,16,15.4,15.2,15.6,17.4,15.8,14.6),('Amazonas',13.1,13.2,12.6,13.4,13.8,13.4,14,14.8,14,14.1,14.8,14.7,14.2,14.6,14.1,14.4,14.1,14.2,14.1,13.6),('Roraima',17,18.1,18.2,17.7,17.2,16.1,14.4,14.3,14.2,16.6,16,13.4,15.2,15.4,15.2,15.5,16.8,17.3,17,16.5),('Pará',12.6,11.5,12.4,12.2,12.2,12.8,13.6,14.1,14,13.8,14,14.1,14,13.9,14.4,14.1,14.2,13.8,13.8,14.4),('Amapá',16.9,14.8,14.3,15.1,12.4,10.8,11.1,13.2,11.5,11.4,13.2,15.2,13.7,15.7,14.4,14.6,14.2,14.4,15.2,14.9),('Tocantins',14.1,15.5,16,16.4,15.5,15.3,15.8,16.4,16,16,16.1,15.2,14.6,15.4,14.6,14.7,15.7,14.6,14.4,13.7),('Nordeste',13.7,13.8,13.8,14.3,14.9,15.8,15.9,16.2,15.9,15.5,15.9,15.6,15.4,15.2,15.4,15.5,15.4,15,14.9,14.6),('Maranhão',9.4,9.4,10.1,10.4,13.8,13.9,14.7,15.4,15.1,15,15.8,15.4,15.4,15.7,15.7,15.6,16,15.4,15,15.9),('Piauí',12.2,12.8,12.9,12.6,13.8,15.2,15.6,16.2,15.2,14.9,15.9,15.6,15.1,15.6,15.7,15.5,15,14.6,14.8,14.5),('Ceará',12.9,13.1,12.8,13,13.2,14.7,14.7,15,14.8,13.9,14.3,14.3,13.7,13.5,14.2,13.9,14.6,14.2,14.2,13.7),('Rio Grande do Norte',12.3,12.9,11.9,13.3,13.7,13.9,14.3,14.5,14.7,13.9,15.4,14.9,14.4,14.8,15,14.9,14.5,14.8,15.1,14.2),('Paraíba',10.7,11.4,12.2,13,15,14.8,16.2,17,16.3,16.1,16.4,16.6,16.3,16,15.8,16.2,15.8,15.3,15.8,14.9),('Pernambuco',18,18.1,18.6,19.4,19.2,19.6,19.6,19.5,19,18.9,19,18.2,18.4,17.4,18.1,18.5,17.5,17,17,16.4),('Alagoas',15.8,15.8,15.1,15.9,17.6,17.3,18.5,17.8,18.2,17.7,18.5,18.1,17.9,17.5,18,18.6,18.2,17.1,17.4,16.4),('Sergipe',14.6,15.2,14.8,17.4,17.4,17.2,16.9,17.6,17.3,16.5,16.2,16.2,15.9,15.5,16,14.9,15,14.1,13.9,14),('Bahia',13.8,13.6,13.3,13.4,13,15,14.5,14.6,14.5,14.2,14.4,14.2,14,13.8,13.7,13.7,13.8,13.7,13.3,13.4),('Sudeste',20.8,20.3,20.1,20,19,18.9,18.4,18.4,17.8,17.8,17.4,16.9,16.6,16,16,16.2,15.5,15.3,15.2,14.6),('Minas Gerais',17.9,17,17.3,17.3,16.6,16.6,16.2,15.6,15.2,15.5,15.3,14.9,14.5,14.3,14.1,14.2,13.8,13.5,13.6,13.3),('Espírito Santo',18.5,18.8,19.8,20.3,19.4,19.2,18.4,18.7,18.2,17.3,16.9,16.6,15.8,15.1,15.1,15.2,14.9,14.6,14.9,14.4),('Rio de Janeiro',23.3,22.8,22.1,22.1,20.9,21.2,20.7,21.1,20.6,20.3,19.9,19.1,19,18,18,18.4,17.2,17.2,16.7,16),('São Paulo',21.3,20.8,20.5,20.4,19.2,18.9,18.5,18.5,17.8,17.8,17.4,16.9,16.6,16.1,16.2,16.2,15.6,15.4,15.3,14.7),('Sul',22,21.6,21.1,20.9,19.8,19.5,19.3,18.8,18.4,18.2,17.9,17.2,17.2,16.2,16,16.2,15.4,15.3,15,14.2),('Paraná',22.3,22.5,21.6,21.4,20.3,19.9,19.5,19.6,18.8,18.5,18.3,17.5,17.5,16.5,16.4,16.4,15.5,15.4,14.8,14.5),('Santa Catarina',19.8,19.4,19.4,19.6,18,17.4,17.5,17,17.2,17,17.1,16.5,15.7,15.4,15.1,15.2,14.7,14.6,14.3,13.7),('Rio Grande do Sul',22.8,21.8,21.4,21.1,20.3,20.1,19.9,19,18.7,18.4,18,17.3,17.6,16.5,16.2,16.5,15.8,15.7,15.4,14.3),('Centro-Oeste',19.2,19.3,19.2,19.5,18.7,18.4,17.8,18.1,17.2,17.3,16.9,16.7,16.3,16,15.6,15.2,15.2,14.9,14.4,14),('Mato Grosso do Sul',21.2,20.3,21.2,21.1,21,21,19.5,19.9,18.6,19.4,18.2,18,18.1,17.3,17,17.4,16.5,17,15.7,15.4),('Mato Grosso',19.1,19.6,19.4,19,18.3,18.1,17.6,18,17.1,17.4,17,16.4,15.8,15.4,15.2,15.4,15.3,14.9,14.5,14.1),('Goiás',17.9,18.6,18.4,19.1,17.7,17.5,17.6,17.9,17.2,17,17,17.1,16.7,16.7,16.4,15.7,15.8,15.3,15.1,14.7),('Distrito Federal',20.8,20,19.1,19.5,19,18,17,16.6,16,15.5,15.3,14.8,14,13.8,12.9,11.9,12.4,11.6,11.5,11.2);
/*!40000 ALTER TABLE `3_4_1` ENABLE KEYS */;
UNLOCK TABLES;

--
-- Table structure for table `3_4_2`
--

DROP TABLE IF EXISTS `3_4_2`;
/*!40101 SET @saved_cs_client     = @@character_set_client */;
/*!50503 SET character_set_client = utf8mb4 */;
CREATE TABLE `3_4_2` (
  `estado` varchar(200) DEFAULT NULL,
  `2001` float DEFAULT NULL,
  `2002` float DEFAULT NULL,
  `2003` float DEFAULT NULL,
  `2004` float DEFAULT NULL,
  `2005` float DEFAULT NULL,
  `2006` float DEFAULT NULL,
  `2007` float DEFAULT NULL,
  `2008` float DEFAULT NULL,
  `2009` float DEFAULT NULL,
  `2010` float DEFAULT NULL,
  `2011` float DEFAULT NULL,
  `2012` float DEFAULT NULL,
  `2013` float DEFAULT NULL,
  `2014` float DEFAULT NULL,
  `2015` float DEFAULT NULL,
  `2016` float DEFAULT NULL,
  `2017` float DEFAULT NULL,
  `2018` float DEFAULT NULL,
  `2019` float DEFAULT NULL,
  `2020` float DEFAULT NULL
) ENGINE=InnoDB DEFAULT CHARSET=utf8mb4 COLLATE=utf8mb4_0900_ai_ci;
/*!40101 SET character_set_client = @saved_cs_client */;

--
-- Dumping data for table `3_4_2`
--

LOCK TABLES `3_4_2` WRITE;
/*!40000 ALTER TABLE `3_4_2` DISABLE KEYS */;
INSERT INTO `3_4_2` VALUES ('Brasil',4.9,4.8,4.8,4.8,5.1,5,5.1,5.3,5.3,5.3,5.4,5.6,5.7,5.7,5.9,6,6.5,6.6,6.9,7),('Norte',3.7,3.2,3.5,3.5,3.6,3.6,4,4.4,4.2,4.3,4.7,4.6,4.9,4.5,5.6,5.1,5.5,6,6.3,6.6),('Rondônia',6,3.4,4,4.7,4.7,4.5,3,5.3,5.9,5.6,5.3,4.9,5.6,5.4,7,6.5,7.1,7.7,8.6,8.4),('Acre',5.7,4.2,4.8,4.6,3.3,4.2,5.6,5.2,4.7,6.1,5.9,6.1,6.1,6.7,5.2,7.4,8.3,7.5,9,8.9),('Amazonas',3.7,3.1,3.4,3.6,3.2,3.5,4.4,4.9,4.9,5.1,5.8,5.6,6.7,6.8,7.6,5.5,5.7,6.4,6.8,8.2),('Roraima',5.7,6.1,6.2,8.1,7.8,9.5,11.6,8.1,8.1,8.3,8.1,8.9,7.5,3.3,11.3,12.5,10.2,7.1,9.1,6.3),('Pará',2.6,2.4,2.3,2.2,2.6,2.5,2.7,3.2,2.8,2.7,3.1,3.4,3.2,2.8,3.5,3.6,3.9,4.5,4.4,4.9),('Amapá',6.8,8.1,7.8,7.7,8,4.7,4.9,5.4,4.4,4.9,5.9,3.2,6.8,5,7.6,5,6.3,8.3,8,6.5),('Tocantins',4.4,4.6,6.4,5.2,5.8,6,7,6.8,6.3,6.8,7.1,7.1,7,6.3,7.2,7.2,8.2,8.7,9.3,8),('Nordeste',3.2,3.4,3.6,3.6,4,4.1,4.5,4.5,4.3,4.3,4.6,4.6,4.9,4.7,4.9,5.2,5.7,5.7,5.8,6.1),('Maranhão',2.1,2.4,1.7,1.8,2.1,2.8,2.8,3.1,2.6,3.4,3.6,3.3,3.9,4.1,4.4,4.6,5,4.9,5.1,5.2),('Piauí',4.3,4.5,5.1,5.8,5.3,6.4,7.3,7.5,7.1,6.9,7.9,7.9,7.6,8.2,9,10.7,10.5,10.9,10.8,10.3),('Ceará',5.5,6.5,5.8,6.3,7.2,6.5,6.9,7,6.4,6.1,6.9,6.3,7.2,6.9,6.8,7.1,7.7,7.8,7.4,7.1),('Rio Grande do Norte',4.5,4,5.5,4.2,5.8,5.1,4.6,5.1,4.9,4.6,5.9,5.6,5.1,5.4,5,5.7,5.6,6.1,6.2,7.1),('Paraíba',1.4,2.3,2.5,2.7,3.2,3.8,3.9,4.5,4.7,4.5,4.6,5.3,5.5,4.3,6,4.9,6.8,6.4,6.7,6.9),('Pernambuco',3.7,3.4,3.9,3.8,4,3.8,4.7,4.5,4,3.5,3.5,4,3.8,3.8,3.6,4.6,5,4.9,5,5),('Alagoas',3.7,3.2,2.6,3.5,2.9,3.4,3.9,3.7,3.9,2.9,3.6,3.7,4.8,3.9,3.9,3.7,3.4,4.5,4.2,5.4),('Sergipe',4.2,4.7,4.7,4.6,4.5,4.2,5.3,5.8,5.8,6.7,6.4,5.5,6.2,5.4,5.9,5.6,6.1,6.4,5.4,6),('Bahia',2,2,2.4,2.1,2.8,3,3.3,2.9,2.9,3.3,3.3,3.6,3.7,3.3,3.7,3.9,4.4,4.1,4.7,5.3),('Sudeste',4.4,4.3,4.3,4.2,4.4,4.5,4.4,4.5,4.7,4.9,5.1,5.1,5,5.4,5.4,5.3,5.7,5.7,6,6.1),('Minas Gerais',4.8,4.7,5.5,5.2,5.6,5.7,5.7,5.7,6.1,5.9,6.7,6.7,6.1,7.1,6.7,6.7,7.7,7.8,8.7,8.2),('Espírito Santo',4,4.3,5,4.9,5.3,5,4.3,4.7,4.6,4.8,4.8,5.2,4.6,4.9,5.3,4.9,5.7,6.5,6.6,6.6),('Rio de Janeiro',3.4,3.3,2.5,2.8,3,2.8,2.4,2.3,2.1,3.3,2.8,3,2.8,3.3,3.4,3.6,3.8,4.4,3.6,4.9),('São Paulo',4.7,4.4,4.3,4.2,4.4,4.6,4.5,4.9,5.1,5,5.2,5.2,5.4,5.5,5.6,5.3,5.5,5.2,5.5,5.5),('Sul',9.2,8.6,8.4,8.8,8.8,8.5,8.6,8.8,8.8,8.3,8.2,8.9,8.9,8.6,9.2,9.5,10.4,10.4,11.3,11.1),('Paraná',7.4,6.4,6.4,7.3,7.1,6.2,6.5,6.2,6.6,6,5.9,6.2,6.5,6.1,7,7.3,7.4,8.7,8.9,8.7),('Santa Catarina',9.1,8.4,7.7,7.8,8.2,6.9,8,8.5,8.9,8.9,8.6,9,9.2,9.4,10,10.5,11.4,11.2,11.9,11.5),('Rio Grande do Sul',10.8,10.7,10.6,10.7,10.9,11.5,11,11.5,10.9,10.2,10.1,11.4,11,10.7,10.9,11.1,12.8,11.7,13.4,13.2),('Centro-Oeste',6.3,7.1,6.6,6.7,6.4,6.2,6,6.7,6.4,6.1,6,6.8,6.9,6.8,6.6,7.2,7.7,7.9,8.5,8.5),('Mato Grosso do Sul',7.1,8.4,9.2,9.3,9.2,9,8.6,8.2,9.1,8.2,9.1,8.9,9.6,8.5,9.4,9,10.4,10.6,10.3,9.4),('Mato Grosso',6.1,6.4,6.6,6.3,5.9,6.5,5.7,6.6,6.8,5.7,5.5,6.3,6,5.2,4.8,5.8,6.3,7.2,7.5,8),('Goiás',7,7.9,6.6,6.6,6.5,5.6,5.7,6.9,5.5,5.6,5.9,6.9,7.2,7.5,7.1,7.7,7.9,7.8,8.9,9),('Distrito Federal',4.1,4.5,4.2,4.7,4.1,4.9,4.5,5.1,5.4,6.1,4,5.4,4.9,5.2,4.9,5.7,6.2,6.8,7.1,7);
/*!40000 ALTER TABLE `3_4_2` ENABLE KEYS */;
UNLOCK TABLES;

--
-- Table structure for table `3_5_2`
--

DROP TABLE IF EXISTS `3_5_2`;
/*!40101 SET @saved_cs_client     = @@character_set_client */;
/*!50503 SET character_set_client = utf8mb4 */;
CREATE TABLE `3_5_2` (
  `2007` float DEFAULT NULL,
  `2008` float DEFAULT NULL,
  `2009` float DEFAULT NULL,
  `2010` float DEFAULT NULL,
  `2011` float DEFAULT NULL,
  `2012` float DEFAULT NULL,
  `2013` float DEFAULT NULL,
  `2014` float DEFAULT NULL,
  `2015` float DEFAULT NULL,
  `2016` float DEFAULT NULL,
  `2017` float DEFAULT NULL,
  `2018` float DEFAULT NULL,
  `2019` float DEFAULT NULL,
  `2020` float DEFAULT NULL
) ENGINE=InnoDB DEFAULT CHARSET=utf8mb4 COLLATE=utf8mb4_0900_ai_ci;
/*!40101 SET character_set_client = @saved_cs_client */;

--
-- Dumping data for table `3_5_2`
--

LOCK TABLES `3_5_2` WRITE;
/*!40000 ALTER TABLE `3_5_2` DISABLE KEYS */;
INSERT INTO `3_5_2` VALUES (9.7,10.2,10.4,10.2,11.3,10.3,9.4,9.2,9.2,9.7,9.2,9.4,9.8,9.8);
/*!40000 ALTER TABLE `3_5_2` ENABLE KEYS */;
UNLOCK TABLES;

--
-- Table structure for table `3_6_1`
--

DROP TABLE IF EXISTS `3_6_1`;
/*!40101 SET @saved_cs_client     = @@character_set_client */;
/*!50503 SET character_set_client = utf8mb4 */;
CREATE TABLE `3_6_1` (
  `estado` varchar(200) DEFAULT NULL,
  `2011` float DEFAULT NULL,
  `2012` float DEFAULT NULL,
  `2013` float DEFAULT NULL,
  `2014` float DEFAULT NULL,
  `2015` float DEFAULT NULL,
  `2016` float DEFAULT NULL,
  `2017` float DEFAULT NULL,
  `2018` float DEFAULT NULL,
  `2019` float DEFAULT NULL,
  `2020` float DEFAULT NULL
) ENGINE=InnoDB DEFAULT CHARSET=utf8mb4 COLLATE=utf8mb4_0900_ai_ci;
/*!40101 SET character_set_client = @saved_cs_client */;

--
-- Dumping data for table `3_6_1`
--

LOCK TABLES `3_6_1` WRITE;
/*!40000 ALTER TABLE `3_6_1` DISABLE KEYS */;
INSERT INTO `3_6_1` VALUES ('Brasil',22,22.6,21.1,21.7,19,18.2,17.1,15.7,15.2,15.4),('Norte',20.8,21.5,20.3,20.7,19.4,18.9,18.1,16.1,15.9,16.8),('Rondônia',36.6,40.6,32.9,32.2,29.8,28.1,28.3,22.8,22.3,23.3),('Acre',20.7,20.6,16.6,16.9,13.8,14.5,13.4,10.8,12.7,12.2),('Amazonas',14.2,12.6,12.1,12.3,11.3,10.8,9.9,10.4,9.7,9.5),('Roraima',28.8,30.6,30.7,28.1,31,20.2,24.7,16,20.1,20.1),('Pará',17.5,19.4,19.4,19.4,18.9,18.7,17.2,16.3,15.7,17.8),('Amapá',21.1,17,15.7,16.8,11.7,12.2,11.6,7.7,9.9,8.4),('Tocantins',35.2,34.4,32.8,38.1,35.1,36.1,37.1,30,29.1,28.7),('Nordeste',22,24.2,22.9,23.8,21.7,20.9,18.7,17.6,16.8,17.1),('Maranhão',22.4,25.9,23.8,26.3,23.6,24.3,20.7,19.5,18.4,20),('Piauí',31.4,35.2,33.9,37.3,34.7,32.3,30.3,29,26.8,27.4),('Ceará',23.8,27.9,26.9,29.8,25.9,21.9,17.9,17.7,15.2,14.4),('Rio Grande do Norte',18.1,18.2,18.3,17.4,17.2,16.2,15.6,14.9,12.9,12.6),('Paraíba',20.7,25,25.9,24.5,25.9,25.7,22.9,21.6,19.2,19.5),('Pernambuco',22.2,22.3,20.3,20.7,20.2,19.9,17.9,16.4,15.4,15.7),('Alagoas',25.8,25.9,23.9,25.5,22.3,22.2,18.9,17.8,18.3,20.1),('Sergipe',26.8,29.1,30.3,24,25.5,21.2,18.3,17.4,17.4,18),('Bahia',18.3,19.8,18.4,18.8,15.5,16.3,15.8,14.3,15.6,15.5),('Sudeste',19.2,18.8,17.5,18.1,15.2,14.3,13.9,12.2,11.9,12.1),('Minas Gerais',22.2,21.2,20.3,20.5,18.5,17,17.4,15.1,14.6,13.6),('Espírito Santo',31.1,31.5,28.6,26.2,22.1,21.5,23.5,19.6,19.3,18.6),('Rio de Janeiro',16.9,18.4,16.2,17.4,13,13.3,12.6,12,8.9,10.5),('São Paulo',17.7,16.8,15.6,16.6,13.8,12.8,11.9,10.2,11.1,11.4),('Sul',26.8,27.1,24.3,24.3,21.1,20.6,20.1,18.8,18.4,18),('Paraná',31.6,33.4,28.9,27.7,24.5,24.4,22.6,21.5,21.2,21.8),('Santa Catarina',31.1,29.7,25.9,27.9,23.3,21.9,21.6,19.6,20.1,18.7),('Rio Grande do Sul',19.5,19.3,19,18.7,16.3,16.1,16.7,15.5,14.6,13.7),('Centro-Oeste',29.9,30.7,29.9,30.4,26.1,24.6,22.5,21.6,20.8,22),('Mato Grosso do Sul',33.3,31.2,30.8,31.5,24.8,23.5,21.6,20.6,22.2,22),('Mato Grosso',33.5,35.8,35.8,34.4,31.4,30.2,29.4,30.2,27.6,31.1),('Goiás',30.7,32.5,31.3,32.9,28.2,26.4,24.1,22.1,20.9,22.3),('Distrito Federal',20.6,20.3,19,18.5,16.3,15.1,11.6,11.8,11.1,10.5);
/*!40000 ALTER TABLE `3_6_1` ENABLE KEYS */;
UNLOCK TABLES;

--
-- Table structure for table `3_7_2`
--

DROP TABLE IF EXISTS `3_7_2`;
/*!40101 SET @saved_cs_client     = @@character_set_client */;
/*!50503 SET character_set_client = utf8mb4 */;
CREATE TABLE `3_7_2` (
  `estado` varchar(200) DEFAULT NULL,
  `2000` float DEFAULT NULL,
  `2001` float DEFAULT NULL,
  `2002` float DEFAULT NULL,
  `2003` float DEFAULT NULL,
  `2004` float DEFAULT NULL,
  `2005` float DEFAULT NULL,
  `2006` float DEFAULT NULL,
  `2007` float DEFAULT NULL,
  `2008` float DEFAULT NULL,
  `2009` float DEFAULT NULL,
  `2010` float DEFAULT NULL,
  `2011` float DEFAULT NULL,
  `2012` float DEFAULT NULL,
  `2013` float DEFAULT NULL,
  `2014` float DEFAULT NULL,
  `2015` float DEFAULT NULL,
  `2016` float DEFAULT NULL,
  `2017` float DEFAULT NULL,
  `2018` float DEFAULT NULL
) ENGINE=InnoDB DEFAULT CHARSET=utf8mb4 COLLATE=utf8mb4_0900_ai_ci;
/*!40101 SET character_set_client = @saved_cs_client */;

--
-- Dumping data for table `3_7_2`
--

LOCK TABLES `3_7_2` WRITE;
/*!40000 ALTER TABLE `3_7_2` DISABLE KEYS */;
INSERT INTO `3_7_2` VALUES ('Brasil',42.1,40.8,39.2,38.4,37.9,38.1,36.7,35.4,34.9,33.5,32.3,33,33.2,33.6,34.1,33.6,31.2,30.5,29.4),('Norte',57,57.5,56.1,56.8,55.6,55.4,54.5,52.3,52.3,49.6,47.4,48.5,47.7,48.3,49.1,47.9,44.6,43.6,43.4),('Rondônia',59.7,51.5,50.6,48.8,48.9,46.7,40.7,36.5,41.5,40.1,38.5,40.6,38.1,38.3,38.1,37.3,35.7,34.3,33.9),('Acre',68.9,64.5,66.8,64.5,65.1,63.8,59.4,56.1,61.1,55.7,53.4,56.3,51.8,53.2,52.8,51.3,45.7,45.9,45.6),('Amazonas',57.6,58.2,58,57.4,56.9,56.2,56.4,53.4,52.9,53.2,49.9,52.6,53.8,55.3,55.6,54.3,49.9,50.4,49.6),('Roraima',74.9,71.1,64.6,69.8,64.3,58.8,56.4,55.7,54.4,50.7,49.4,49.6,53.6,54,55.8,54,54.7,52.4,58.8),('Pará',52.5,55.5,54.1,56.1,54.8,55.7,55.8,54.8,53.5,49.7,47.6,48,46.7,46.9,48.1,47,43.8,42.1,41.8),('Amapá',66.9,67.3,60.8,63.2,59.7,58.2,58.2,54.3,54.2,49.3,49.9,49.8,48.9,50.3,52.3,49.2,46.9,43.9,44.6),('Tocantins',61.6,62.2,59.1,57.5,55.1,55.1,53.2,49.5,49.4,46.1,44.2,43.5,41.9,41.5,42.3,41.7,37.9,38.3,36.8),('Nordeste',43.2,43.8,42.8,43,42.4,43.1,40.9,40,39.1,37.3,35.6,36.4,36.1,35.9,36.3,36.4,34.4,34.1,33.4),('Maranhão',43.9,47.5,50.9,54.9,53.7,55,52.9,52,50.9,47.6,44.6,44.8,43.1,42.8,43.4,43.7,41.1,40.9,41.3),('Piauí',47.5,47.5,46,44.9,44.9,46.5,44.5,43.4,40.5,37.8,36.3,35.4,34.5,33.4,35.4,36.5,34.8,34.6,34),('Ceará',39.7,40.6,38.2,37.5,37.1,37.2,35.4,34.6,33.4,32.8,31.1,31.7,32.1,32.1,33.6,33.2,31.7,30.7,30),('Rio Grande do Norte',45.3,43.8,41.7,40.5,39.8,41.2,36.7,36,36.4,33.9,33.1,33.8,33.6,34,33.9,33.6,31.6,30.2,29),('Paraíba',37.1,40.3,39.6,39.1,38.9,40.1,38,36.4,36.8,35.3,33.3,34.2,33.4,33.6,33.5,34.3,32.2,31.9,31.8),('Pernambuco',46.6,46.1,42.9,41.4,41.5,42.6,40.4,39.5,39.2,37.5,35.1,36.4,37.5,37.4,38,37.3,34.2,34,32.6),('Alagoas',51.3,52.6,49.9,49.7,46.8,48.1,45.8,45.6,44.5,41.2,40.3,41.9,41.9,43.3,42.2,42.9,39.3,39.9,39.4),('Sergipe',46,43.3,40.4,40.4,38.6,40.6,39.7,37.5,37.1,33.8,33.7,35.8,35.8,37,37.1,38.6,35.1,35,33.9),('Bahia',41,40.6,40.6,41.2,40.8,40.7,38.4,37.7,36.6,35.4,34,35.2,34.2,33.3,33,33,32.3,32.1,31),('Sudeste',37.6,35.2,33.2,31.7,31.2,31.4,30.4,29.6,28.9,27.9,27.1,27.7,28.3,28.7,29.2,28.6,26.2,25.4,24),('Minas Gerais',33.5,33,30.4,29.5,28.8,29.4,28.4,27.8,27.1,25.5,25.2,25.4,25.6,26,26.6,26.3,24.1,24,23.2),('Espírito Santo',40.9,40.5,37.2,35.1,34.9,34.5,34,33.1,32.1,30.8,30,30.1,31.2,32.7,33.7,32.4,29.6,28.5,27.4),('Rio de Janeiro',42.8,39.6,37,35.8,34.8,33.8,33,32.4,31.3,30.5,29.6,31,32.3,33,33.9,33.7,30.8,30.6,28.8),('São Paulo',37.6,34.2,32.9,31,30.8,31.2,30.2,29.2,28.5,27.9,26.8,27.3,27.9,28.1,28.3,27.5,25.2,23.9,22.2),('Sul',39.5,36.4,34.6,32.2,32.5,32.2,31,29.1,29.1,28.5,28,28.2,28.9,29.6,29.9,29.2,26.8,25.5,24.2),('Paraná',42.4,39.6,37.7,34.8,35.1,35.5,34,32,32,32.2,31.7,31.4,31.9,32.9,33.2,32,28.9,27.5,26),('Santa Catarina',36.8,33.6,31.6,29.5,29.8,28.9,28.5,27.8,27.9,26.4,26.2,26.9,27.3,27.8,28.2,28.4,26,24.8,23.6),('Rio Grande do Sul',38.2,34.8,33.1,31.2,31.4,30.7,29.3,26.9,26.7,25.9,25.2,25.5,26.6,27.1,27.4,26.9,25.2,23.8,22.6),('Centro-Oeste',49.3,46.9,44.4,42.6,42.4,41.9,39,36.6,36.3,34.8,33.8,34.3,35.2,35.7,36.8,35.2,32.5,31.2,30),('Mato Grosso do Sul',52.2,50.1,48.4,45.5,46.5,46.3,42.9,41.1,42.7,41.4,40.1,42.1,42.7,42.4,44.6,41.6,38.6,38.3,36.6),('Mato Grosso',53.8,51.2,48.1,48.2,48.9,48.7,44.6,41.2,41.1,39,38.4,38.9,40.4,41.2,42.5,40.9,37.2,37.1,36),('Goiás',48,45.6,43.5,40.7,40,39.4,36.9,34.7,34,32.8,31.7,32,33.3,34.3,35.3,34.2,31.9,29.4,28.3),('Distrito Federal',43.8,41.1,38,36.9,35.2,34.5,32.9,30.5,29,27.2,26.8,26.1,26.2,26.2,25.9,24.9,22.6,21.8,21);
/*!40000 ALTER TABLE `3_7_2` ENABLE KEYS */;
UNLOCK TABLES;

--
-- Table structure for table `3_8_2`
--

DROP TABLE IF EXISTS `3_8_2`;
/*!40101 SET @saved_cs_client     = @@character_set_client */;
/*!50503 SET character_set_client = utf8mb4 */;
CREATE TABLE `3_8_2` (
  `estado` varchar(200) DEFAULT NULL,
  `saude 10%` float DEFAULT NULL,
  `saude 25%` float DEFAULT NULL
) ENGINE=InnoDB DEFAULT CHARSET=utf8mb4 COLLATE=utf8mb4_0900_ai_ci;
/*!40101 SET character_set_client = @saved_cs_client */;

--
-- Dumping data for table `3_8_2`
--

LOCK TABLES `3_8_2` WRITE;
/*!40000 ALTER TABLE `3_8_2` DISABLE KEYS */;
INSERT INTO `3_8_2` VALUES ('Brasil',18.6,3.7),('Norte',10.9,1.3),('Rondônia',18.8,3.5),('Acre',11.5,1.4),('Amazonas',3.3,0.4),('Roraima',10.3,1.2),('Pará',11.8,1.1),('Amapá',7.7,0.8),('Tocantins',15,2.3),('Nordeste',17,3.2),('Maranhão',14.7,2.7),('Piauí',19.7,3.8),('Ceará',14.2,1.9),('Rio Grande do Norte',15.2,2.6),('Paraíba',17.3,4.3),('Pernambuco',17.2,3),('Alagoas',19,4.5),('Sergipe',17.2,3.1),('Bahia',18.6,3.8),('Sudeste',20.7,4.2),('Minas Gerais',21.9,4.8),('Espírito Santo',19.9,4.6),('Rio de Janeiro',18.8,4),('São Paulo',21.1,3.9),('Sul',19.4,4.2),('Paraná',21.1,5.1),('Santa Catarina',16.3,3.1),('Rio Grande do Sul',19.5,3.9),('Centro-Oeste',17.3,3.5),('Mato Grosso do Sul',18.8,3.5),('Mato Grosso',16.8,2.9),('Goiás',18.4,4.1),('Distrito Federal',14,2.9);
/*!40000 ALTER TABLE `3_8_2` ENABLE KEYS */;
UNLOCK TABLES;

--
-- Table structure for table `3_9_2`
--

DROP TABLE IF EXISTS `3_9_2`;
/*!40101 SET @saved_cs_client     = @@character_set_client */;
/*!50503 SET character_set_client = utf8mb4 */;
CREATE TABLE `3_9_2` (
  `estado` varchar(200) DEFAULT NULL,
  `2001` float DEFAULT NULL,
  `2002` float DEFAULT NULL,
  `2003` float DEFAULT NULL,
  `2004` float DEFAULT NULL,
  `2005` float DEFAULT NULL,
  `2006` float DEFAULT NULL,
  `2007` float DEFAULT NULL,
  `2008` float DEFAULT NULL,
  `2009` float DEFAULT NULL,
  `2010` float DEFAULT NULL,
  `2011` float DEFAULT NULL,
  `2012` float DEFAULT NULL,
  `2013` float DEFAULT NULL,
  `2014` float DEFAULT NULL,
  `2015` float DEFAULT NULL,
  `2016` float DEFAULT NULL,
  `2017` float DEFAULT NULL,
  `2018` float DEFAULT NULL,
  `2019` float DEFAULT NULL,
  `2020` float DEFAULT NULL
) ENGINE=InnoDB DEFAULT CHARSET=utf8mb4 COLLATE=utf8mb4_0900_ai_ci;
/*!40101 SET character_set_client = @saved_cs_client */;

--
-- Dumping data for table `3_9_2`
--

LOCK TABLES `3_9_2` WRITE;
/*!40000 ALTER TABLE `3_9_2` DISABLE KEYS */;
INSERT INTO `3_9_2` VALUES ('Brasil',7.2,6.9,7.3,6.8,6.7,6.8,6.2,6,5.8,5.8,5.4,5.3,5.8,5.2,5.2,5.3,5,4.7,4.8,4.1),('Norte',7.2,6.8,6.5,6.7,7.5,6.8,6.2,5.9,5.6,5.2,4.9,4.9,5.6,5.8,5.2,5.7,5.5,5.3,5.1,4.4),('Rondônia',6.6,6,6,4.6,4.6,4.7,5.2,4.2,4.7,4.1,4.2,3.4,4.1,4.6,2.9,3,3.7,2.2,2.8,2.1),('Acre',7.3,9.9,6.4,10.1,17.2,10.7,7.6,8.2,6.9,7.4,6.7,7.7,7.1,8.8,6.3,5.3,6,7,7.1,4.6),('Amazonas',8,8.7,7.1,8.1,10.2,7.3,7.2,7.4,7.6,6.5,6.7,7.6,8,7.4,6.6,7,6.5,6.2,6.5,5.8),('Roraima',5.8,4.7,12.2,8.4,7.8,10.5,7.6,5.8,8.3,4.8,3,7.3,8.1,6.2,3.7,8.2,6.8,8.8,9.6,5.9),('Pará',6.5,5.9,5.8,6,6.4,6.8,6.1,5.7,4.9,4.8,4.4,3.8,4.9,5.4,5.3,6,5.5,5.6,4.9,4.7),('Amapá',7.6,5,6.3,4.7,3.2,1.5,2.7,2.4,3.7,2.6,3.1,3.3,2.6,4.2,3.7,4.3,3.7,3,2.8,0.8),('Tocantins',10.1,7.2,8.1,8.3,6.5,7.4,5.3,5.5,5.2,5.9,4.5,4.1,4.1,3.8,3.9,4.4,5,3.9,3.8,3.1),('Nordeste',10.4,10.5,11.2,10,10.1,10.2,8.9,8.8,8.1,7.3,7.1,7,8.4,6.8,7.2,7.2,7.1,6.1,6.2,5.6),('Maranhão',5.9,6.4,6.4,5.8,9.3,8.5,6.6,7,5.4,4.8,4.4,3.9,4.6,3.8,4,4.4,4.7,3.9,4.6,4.3),('Piauí',8.3,8.6,8.4,6.7,7.6,8.7,7.1,7.9,7.2,6.3,5.7,5.8,6.8,6.1,5.3,5.5,6.2,6.2,6.4,5.9),('Ceará',11,11.2,9.9,7.7,7.2,9.3,7.4,7.3,6.5,5.2,6,4.6,6.3,5,5.9,5.7,7,5.8,5.7,4.9),('Rio Grande do Norte',7.8,9.9,9.7,9.8,10.1,10.4,9.8,8.1,8,8.1,7.5,8.1,10,6.8,8.3,8.5,7,6.8,6.6,6.3),('Paraíba',6,7.9,9.7,10.1,10.8,10.1,10.5,11,9.6,9.2,9,8.8,9.9,7.9,8.4,8.7,7.5,7.7,6.9,6.5),('Pernambuco',16,16.6,18.9,17.6,15.3,13.7,12.9,12.9,11.8,9.9,10.3,10.2,11.7,9,9.2,9.8,8.4,7.2,7,6.3),('Alagoas',18,13.9,15.7,12.1,13.9,11.7,11.8,8.9,8.8,6.3,6.8,6.9,12.9,9.2,8.5,8.3,9.6,7.4,6.3,5.8),('Sergipe',15.4,11.9,12.3,9.7,13.2,11.5,7.8,7.5,8.4,7.9,6.4,6.2,6,5.7,6.1,4.8,6.7,4.6,5,4.1),('Bahia',8.6,8.7,9.7,8.7,7.8,9.1,7.7,7.9,7.4,7.8,6.9,7.4,8.2,7.3,7.9,7.6,7.2,6.1,6.4,6),('Sudeste',5.9,5.4,5.9,5.6,5.3,5.6,5.2,5,5,5.4,5,4.9,4.9,4.7,4.6,4.6,4.3,4.1,4.3,3.5),('Minas Gerais',7.2,6.1,7.3,6.7,6.2,6.7,6.1,6.1,6,6.7,6.3,6.4,6.3,6,6.1,5.6,5.4,5.2,5.2,4.4),('Espírito Santo',6.8,6.1,6.7,6.1,5.7,5.6,4.1,4.1,4.6,5,5,4.3,5,4.5,4.4,4.4,4.1,4.1,4.2,3.5),('Rio de Janeiro',6.8,6.6,6.7,6.8,6.2,6.6,6.4,5.6,6,5.9,4.8,5,4.9,4.5,4.1,4.7,3.8,3.6,3.6,2.9),('São Paulo',4.9,4.5,4.9,4.6,4.4,4.6,4.5,4.2,4.2,4.7,4.4,4.2,4.3,4.2,4,4.2,3.9,3.8,4.1,3.2),('Sul',5.6,4.7,4.7,4.6,4.3,4.2,4.2,4.4,4,4.2,4.2,4.1,4.3,4.1,3.8,4.1,3.5,3.9,4.1,3.4),('Paraná',6.6,5.4,4.8,4.9,4.5,4.2,4.4,4.9,3.8,4.1,4.4,3.8,4.5,3.8,3.9,4.6,3.5,3.8,3.9,3.4),('Santa Catarina',4.3,3.4,3.7,3.5,3.2,2.7,3,2.5,3,3.1,2.9,3,3.2,3,2.7,2.9,2.9,2.9,2.8,2.5),('Rio Grande do Sul',5.3,4.8,5.2,4.8,4.8,5,4.6,4.9,4.7,5.1,4.7,5.1,4.6,5.1,4.4,4.4,3.8,4.6,5,4.1),('Centro-Oeste',5.7,6.4,6.4,6.8,6.1,5.7,5.6,4.8,5,5.3,4.6,5,4.5,4.4,4.3,4.1,4.1,4.2,4.4,3.6),('Mato Grosso do Sul',11.9,14.4,15.8,15.3,14.5,13.6,14.4,11,11.9,11.5,8.4,9.6,8.5,6.9,5.7,6.2,6.4,6.7,6,5.4),('Mato Grosso',6.5,6.7,6.1,5.7,4.9,5.7,5.2,4.8,5.7,5.8,6,5.6,5.9,5.3,6.3,5.6,5.5,5.7,5.7,4.3),('Goiás',3.8,4.4,4.4,5.3,4.5,3.8,3.7,3.4,3.4,3.9,3.5,3.9,3.4,3.9,3.8,3.3,3.2,3.3,3.9,3.2),('Distrito Federal',2.8,2.9,2.5,3.3,3,2.6,1.9,2.2,1.3,2.3,1.9,2.5,2,2.1,2.1,2.2,2.5,2,2.6,2.2);
/*!40000 ALTER TABLE `3_9_2` ENABLE KEYS */;
UNLOCK TABLES;

--
-- Table structure for table `3_9_3`
--

DROP TABLE IF EXISTS `3_9_3`;
/*!40101 SET @saved_cs_client     = @@character_set_client */;
/*!50503 SET character_set_client = utf8mb4 */;
CREATE TABLE `3_9_3` (
  `estado` varchar(200) DEFAULT NULL,
  `2001` float DEFAULT NULL,
  `2002` float DEFAULT NULL,
  `2003` float DEFAULT NULL,
  `2004` float DEFAULT NULL,
  `2005` float DEFAULT NULL,
  `2006` float DEFAULT NULL,
  `2007` float DEFAULT NULL,
  `2008` float DEFAULT NULL,
  `2009` float DEFAULT NULL,
  `2010` float DEFAULT NULL,
  `2011` float DEFAULT NULL,
  `2012` float DEFAULT NULL,
  `2013` float DEFAULT NULL,
  `2014` float DEFAULT NULL,
  `2015` float DEFAULT NULL,
  `2016` float DEFAULT NULL,
  `2017` float DEFAULT NULL,
  `2018` float DEFAULT NULL,
  `2019` float DEFAULT NULL,
  `2020` float DEFAULT NULL
) ENGINE=InnoDB DEFAULT CHARSET=utf8mb4 COLLATE=utf8mb4_0900_ai_ci;
/*!40101 SET character_set_client = @saved_cs_client */;

--
-- Dumping data for table `3_9_3`
--

LOCK TABLES `3_9_3` WRITE;
/*!40000 ALTER TABLE `3_9_3` DISABLE KEYS */;
INSERT INTO `3_9_3` VALUES ('Brasil',0.12,0.11,0.12,0.11,0.1,0.13,0.11,0.1,0.11,0.12,0.1,0.13,0.15,0.22,0.21,0.16,0.17,0.19,0.17,0.22),('Norte',0.21,0.27,0.23,0.25,0.22,0.16,0.12,0.15,0.14,0.17,0.11,0.13,0.17,0.14,0.17,0.11,0.1,0.13,0.14,0.09),('Rondônia',0.56,0.48,0.07,0.13,0.33,0.26,0.26,0.26,0.13,0.06,0.19,0.18,0.24,0.18,0.24,0.17,0.12,0.23,0.06,0.06),('Acre',0.17,0.16,0.16,0.3,0.3,0.43,0,0,0,0,0.39,0.13,0.12,0,0.24,0,0,0.12,0,0),('Amazonas',0.07,0.53,0.23,0.1,0.28,0.12,0.12,0.09,0.11,0.17,0.03,0.05,0.16,0.26,0.18,0.13,0.25,0.25,0.31,0.26),('Roraima',0,0,0,0.26,0.25,0,0.24,0,0.22,0.22,0,0.83,1.02,0.6,0.19,0.19,0.18,0.17,0.17,0),('Pará',0.21,0.06,0.28,0.3,0.13,0.11,0.07,0.19,0.2,0.19,0.11,0.13,0.12,0.1,0.16,0.08,0.04,0.05,0.07,0.02),('Amapá',0.19,0.56,0,0.17,0.17,0.16,0,0,0,0.14,0,0,0,0,0.13,0,0,0,0.12,0.23),('Tocantins',0.25,0.49,0.32,0.47,0.38,0.3,0.3,0.22,0.07,0.28,0.14,0.14,0.2,0,0.07,0.2,0.13,0.26,0.19,0.06),('Nordeste',0.13,0.11,0.14,0.1,0.14,0.11,0.13,0.11,0.1,0.12,0.11,0.14,0.11,0.12,0.09,0.11,0.1,0.08,0.09,0.12),('Maranhão',0.22,0.2,0.16,0.24,0.43,0.27,0.15,0.17,0.2,0.28,0.18,0.24,0.18,0.19,0.14,0.17,0.17,0.2,0.14,0.1),('Piauí',0.1,0.1,0.13,0.26,0.26,0.23,0.13,0.16,0.25,0.09,0.09,0.12,0.19,0.31,0.19,0.22,0.28,0.15,0.12,0.24),('Ceará',0.09,0.14,0.23,0.07,0.05,0.1,0.17,0.13,0.07,0.07,0.15,0.1,0.11,0.12,0.09,0.11,0.12,0.09,0.08,0.07),('Rio Grande do Norte',0.1,0.03,0.1,0.03,0.1,0,0.06,0.09,0.06,0.03,0.03,0.06,0,0.09,0,0,0.03,0.03,0,0),('Paraíba',0.06,0.08,0.11,0.08,0.11,0.08,0.11,0.18,0.03,0.08,0,0.15,0.05,0.1,0.1,0.05,0.05,0.13,0.1,0.07),('Pernambuco',0.09,0.1,0.13,0.05,0.1,0.14,0.21,0.16,0.1,0.02,0.06,0.13,0.07,0.06,0.03,0.06,0.05,0.06,0.06,0.25),('Alagoas',0.27,0.34,0.33,0.16,0.13,0.13,0.1,0.06,0.03,0.06,0.03,0.09,0.06,0.12,0.09,0.12,0,0.06,0.03,0.06),('Sergipe',0.32,0.05,0.16,0.1,0.25,0.2,0.3,0.05,0,0.09,0,0.09,0.05,0.14,0.09,0.04,0.04,0,0.22,0.22),('Bahia',0.13,0.04,0.05,0.05,0.06,0.01,0.04,0.04,0.09,0.17,0.16,0.17,0.14,0.07,0.12,0.14,0.12,0.03,0.09,0.09),('Sudeste',0.1,0.06,0.07,0.06,0.04,0.12,0.1,0.07,0.09,0.11,0.07,0.1,0.17,0.34,0.35,0.22,0.25,0.28,0.26,0.38),('Minas Gerais',0.11,0.13,0.12,0.13,0.08,0.2,0.17,0.06,0.11,0.11,0.06,0.07,0.09,0.1,0.1,0.1,0.15,0.14,0.22,0.31),('Espírito Santo',0.09,0.18,0.09,0.09,0.03,0.15,0.26,0.06,0.25,0.36,0.27,0.11,0.16,0.21,0.42,0.31,0.28,0.4,0.22,0.2),('Rio de Janeiro',0.19,0.07,0.06,0.06,0.06,0.06,0.05,0.04,0.03,0.1,0.06,0.14,0.25,0.53,0.63,0.6,0.8,0.91,0.64,1.17),('São Paulo',0.05,0.02,0.05,0.02,0.02,0.1,0.06,0.08,0.09,0.09,0.07,0.09,0.18,0.39,0.35,0.12,0.09,0.1,0.13,0.14),('Sul',0.1,0.11,0.12,0.15,0.06,0.1,0.12,0.09,0.09,0.09,0.09,0.13,0.15,0.11,0.09,0.09,0.12,0.14,0.12,0.08),('Paraná',0.08,0.14,0.12,0.18,0.06,0.12,0.14,0.1,0.09,0.1,0.08,0.11,0.06,0.08,0.05,0.05,0.1,0.19,0.15,0.07),('Santa Catarina',0.07,0.09,0.17,0.19,0.05,0.05,0.11,0.11,0.08,0.14,0.11,0.18,0.11,0.19,0.1,0.09,0.17,0.13,0.08,0.03),('Rio Grande do Sul',0.12,0.1,0.08,0.1,0.07,0.11,0.1,0.07,0.09,0.05,0.08,0.13,0.25,0.1,0.13,0.13,0.11,0.09,0.11,0.12),('Centro-Oeste',0.14,0.2,0.21,0.25,0.22,0.24,0.13,0.19,0.23,0.21,0.22,0.25,0.13,0.22,0.19,0.2,0.16,0.21,0.09,0.14),('Mato Grosso do Sul',0.23,0.18,0.09,0.18,0.43,0.21,0.08,0.33,0.41,0.28,0.28,0.35,0.23,0.23,0.38,0.41,0.29,0.22,0.11,0.07),('Mato Grosso',0.15,0.34,0.33,0.36,0.11,0.14,0.17,0.17,0.2,0.16,0.1,0.22,0.09,0.15,0.09,0.09,0.12,0.15,0.06,0.14),('Goiás',0.11,0.17,0.22,0.22,0.12,0.1,0.05,0.19,0.15,0.13,0.19,0.25,0.12,0.25,0.15,0.21,0.12,0.27,0.1,0.17),('Distrito Federal',0.09,0.14,0.18,0.26,0.38,0.7,0.32,0.08,0.27,0.38,0.37,0.18,0.11,0.21,0.21,0.14,0.2,0.1,0.07,0.13);
/*!40000 ALTER TABLE `3_9_3` ENABLE KEYS */;
UNLOCK TABLES;
/*!40103 SET TIME_ZONE=@OLD_TIME_ZONE */;

/*!40101 SET SQL_MODE=@OLD_SQL_MODE */;
/*!40014 SET FOREIGN_KEY_CHECKS=@OLD_FOREIGN_KEY_CHECKS */;
/*!40014 SET UNIQUE_CHECKS=@OLD_UNIQUE_CHECKS */;
/*!40101 SET CHARACTER_SET_CLIENT=@OLD_CHARACTER_SET_CLIENT */;
/*!40101 SET CHARACTER_SET_RESULTS=@OLD_CHARACTER_SET_RESULTS */;
/*!40101 SET COLLATION_CONNECTION=@OLD_COLLATION_CONNECTION */;
/*!40111 SET SQL_NOTES=@OLD_SQL_NOTES */;

-- Dump completed on 2023-11-24 23:14:44
